Ordinance No.	Title
001-2025	GRANTING FINANCIAL ASSISTANCE IN THE AMOUNT OF THREE HUNDRED THOUSAND PESOS (P300,000.00) FROM THE 2025 CURRENT APPROPRIATIONS UNDER THE CITY DISASTER RISK REDUCTION AND MANAGEMENT QUICK RESPONSE FUND OF THE CITY GOVERNMENT OF BAGUIO TO THE CAMP 6 BARANGAY OF THE MUNICIPALITY OF TUBA, BENGUET TO AID IN THEIR RECOVERY AND REHABILITATION EFFORTS FOLLOWING THE DESTRUCTION BROUGHT ABOUT BY STRUCTURAL FIRE WHICH AFFECTED MULTIPLE FAMILIES.
002-2025	APPROVING THE REQUESTS OF WALTRIX PRODUCTIONS FOR SUPPORT ON THE WAIVER OF AMUSEMENT TA, WAIVER OF FEES FOR INSTALLATION OF MARKETING COLLATERAL MATERIALS, AND ISSUANCE OF A SPECIAL PERMIT FOR THE CONDUCT OF THEIR EVENT 'MAKI-CONCERT' SERIES ON 24 JANUARY 2025 (FRIDAY) AT THE UNIVERSITY OF BAGUIO CARDINALS GYM.
003-2025	AN ORDINANCE ALLOCATING THE SPACES IN FRONT OF THE PHILIPPINE NATIONAL RED CROSS - BAGUIO CITY CHAPTER OFFICE BUILDING ALONG HARRISON ROAD FOR PARKING/ENTRY/EXIT OF ITS AMBULANCE UNITS AND CLIENTS AVAILING OF ITS SERVICES.
004-2025	AN ORDINANCE APPROVING THE TEMPORARY CLOSURE AND USE OF VARIOUS ROADS AND THE RE-ROUTING OF VICTORY LINER BUSES AND OTHER BUS LINES FOR THE CELEBRATION OF THE BAGUIO FLOWER FESTIVAL: PANAGBENGA 2025, SUBJECT TO CONDITIONS.
005-2025	AN ORDINANCE GRANTING A THIRTY PERCENT (30%) DISCOUNT ON THE RENTAL OF THE BAGUIO CONVENTION AND CULTURAL CENTER (BCCC), INCLUDING THE USE OF LIGHTS, SOUND SYSTEM, FULL LED WALL, STAGE, TABLES, AND CHAIRS FOR THE EVENT TITLED 'FIF PHILIPPINES 2ND NELSON TOTANES CLASSIC 2025' BY CHARLOTTE TIBAWEN, ASSISTANT HEAD LUZON OF THE FITNESS INTERNATIONAL FEDERATION (FIF), TO BE HELD ON 26 APRIL 2025 IN THE CITY OF BAGUIO, PROVIDED THAT THE CITY GOVERNMENT OF BAGUIO SHALL BE A CO-HOST TO THE SAID EVENT.
006-2025	AMENDING CERTAIN PROVISIONS OF ORDINANCE NUMBERED 29, SERIES OF 2021 [PROVIDING FOR A MENTAL HEALTH CARE AND DEVELOPMENTAL WELLNESS PROGRAM FOR THE CITY OF BAGUIO AND APPROPRIATING FUNDS THEREOF] AND INSERTING SECTIONS 18.A. (PENALTIES) AND 18.B. THEREIN.
007-2025	AN ORDINANCE SIMPLIFYING THE REQUIREMENTS FOR THE ISSUANCE OF CERTIFICATES OF FINAL ELECTRICAL INSPECTION (CFEI) OR CERTIFICATES OF ELECTRICAL INSPECTION (CEI) BY THE CITY GOVERNMENT OF BAGUIO THROUGH THE CITY BUILDING OFFICIAL FOR INDEPENDENT ELECTRICAL SERVICE CONNECTIONS IN RESIDENTIAL STRUCTURES IN THE CITY OF BAGUIO.
008-2025	APPROVING THE REQUEST FOR AUTHORITY TO CHARGE THE AMOUNT OF P12,585.00 AGAINST THE 2025 CURRENT APPROPRIATIONS OF THE CITY BUILDINGS AND ARCHITECTURE OFFICE (CBAO) UNDER ACCOUNT CODE 5-02-99-990 (OTHER MAINTENANCE AND OPERATING EXPENSES) FOR THE PAYMENT OF THE COST OF ELECTRICAL MATERIALS USED IN THE CHRISTMAS VILLAGE 2021.
009-2025	APPROVING THE REQUEST FOR AUTHORITY TO CHARGE THE AMOUNT OF P50,167.18 AGAINST THE 2025 CURRENT APPROPRIATIONS OF THE CITY SOCIAL WELFARE AND DEVELOPMENT OFFICE (CSWDO) UNDER ACCOUNT CODE 5-01-01-010 (SALARIES AND WAGES-REGULAR) FOR THE PAYMENT OF TERMINAL BENEFIT OF MS. MARLENE N. EROT, FORMER SOCIAL WELFARE AIDE OF THE SAID OFFICE WHO RETIRED FROM SERVICE EFFECTIVE 31 OCTOBER 2024.
010-2025	THE CONSOLIDATED ANTI-MOSQUITO-BORNE DISEASES ORDINANCE OF THE CITY OF BAGUIO.
011-2025	REALIGNING THE AMOUNT OF P9,986,000.00 FROM THE PROJECT 'ENCLOSURE OF KIAS BARANGAY COVERED COURT AND CONSTRUCTION OF OTHER AMENITIES SO THAT IT CAN BE USED AS AN EVACUATION CENTER OF THE BARANGAY' FUNDED FROM VARIOUS PROJECTS UNDER THE 2020 ANNUAL INVESTMENT PLAN TO 'CONSTRUCTION OF AN EVACUATION CENTER COMPLETE WITH AMENITIES BESIDE THE KIAS COVERED COURT' AT KIAS BARANGAY, BAGUIO CITY.
012-2025	APPROVING THE REQUEST FOR EXEMPTION FROM GOVERNMENT FEES AND TAXES ASSOCIATED WITH THE USE OF AN AREA ALONG SESSION ROAD DURING THE PANAGBENGA 2025 FESTIVAL FOR THE PERIOD 24 TO 28 FEBRUARY 2025 AND 01 TO 02 MARCH 2025 TO CONDUCT INITIATIVES DEDICATED TO PUBLIC HEALTH AND WELFARE ON TOPICS ON HIV, MENTAL HEALTH, SMOKE-FREE PRACTICES, AND INFORMATION, EDUCATION, AND COMMUNICATION (IEC) PROMOTION TO RAISE AWARENESS AND PROVIDE ESSENTIAL SERVICES TO THE COMMUNITY.
014-2025	APPROVING THE REQUEST FOR AUTHORITY TO CHARGE THE AMOUNT OF P22,000.00 AGAINST THE 2025 CURRENT APPROPRIATIONS OF THE CITY MAYOR'S OFFICE UNDER ACCOUNT CODE 5-01-04-030 (TERMINAL LEAVE BENEFITS) FOR THE PAYMENT OF TERMINAL BENEFIT OF MS. JANET C. AGUIRRE, FORMER LICENSING OFFICER II OF THE PERMITS AND LICENSING DIVISION, CITY MAYOR'S OFFICE (PLD-CMO).
015-2025	APPROVING THE REQUEST FOR AUTHORITY TO CHARGE THE AMOUNT OF P18,632.00 AGAINST THE 2025 CURRENT APPROPRIATIONS OF THE CITY MAYOR'S OFFICE UNDER ACCOUNT CODE 5-02-10-030 (EXTRAORDINARY AND MISCELLANEOUS EXPENSES) FOR THE PAYMENT OF THE COST INCURRED BY PUNONG BARANGAY LEVY LLOYD B. ORCALES OF SOUTH CENTRAL AURORA HILL BARANGAY, BAGUIO CITY, AS THE OFFICIAL REPRESENTATIVE OF THE CITY GOVERNMENT OF BAGUIO THROUGH THE CITY PLANNING, DEVELOPMENT AND SUSTAINABILITY OFFICE (CPDSO), DURING HIS OFFICIAL PARTICIPATION IN THE SDG HOUSING AND SUSTAINABILITY FORUM HELD ON 02 TO 10 NOVEMBER 2024 IN CAIRO, EGYPT.
016-2025	AN ORDINANCE GRANTING RELIEF ON SURCHARGES AND INTERESTS ON LOCAL TRANSFER TAX ON REAL PROPERTY IN THE CITY OF BAGUIO.
017-2025	AN ORDINANCE INVITING THE RESIDENTS OF BAGUIO CITY, LA TRINIDAD, ITOGON, SABLAN, TUBA, AND TUBLAY (BLISTT) TO THE BAGUIO BOTANICAL GARDEN FROM 20 MARCH 2025 TO 20 APRIL 2025 FOR FREE VISITS AS A POST-PANAGBENGA GESTURE OF GRATITUDE OF THE CITY GOVERNMENT OF BAGUIO.
018-2025	APPROVING THE USE OF MALCOLM SQUARE AS THE OFFICIAL VENUE FOR THE LABOR DAY KADIWA FARMERS' MARKET 2025 FROM 30 APRIL 2025 TO 04 MAY 2025 AND WAIVING THE RENTAL FEES, AS WELL AS THE FEES LEVIED FOR THE USE OF ELECTRICITY AND SPECIAL PERMITS.
019-2025	AN ORDINANCE SETTING A ONE-WAY TRAFFIC SCHEME AT TORRES BUGALLON STREET, WEST MODERNSITE BARANGAY, BAGUIO CITY, DURING THE IMPLEMENTATION OF THE PROJECT 'BASIC INFRASTRUCTURE PROGRAM (BIP)-CONSTRUCTION OF ROAD, TORRES BUGALLON ROAD, BARANGAY WEST MODERNSITE, BAGUIO CITY' UNTIL ITS COMPLETION.
020-2025	APPROVING THE REQUEST OF HAPPY HOMES OLD LUCBAN BARANGAY COUNCIL FOR THE CLOSURE OF THE RIGHT SIDE OF THE ROAD, SPECIFICALLY IN PUROK 3, BENITEZ AREA TO CALANGO FRONTAGE, AT HAPPY HOMES OLD LUCBAN BARANGAY, BAGUIO CITY, FROM 24 MARCH 2025 AT 9:00 IN THE MORNING UNTIL 31 MARCH 2025 AT 5:00 IN THE AFTERNOON FOR THE CONDUCT OF THE LIVELIHOOD ACTIVITY OF WOMEN'S ORGANIZATION IN THE BARANGAY IN CELEBRATION OF WOMEN'S MONTH.
021-2025	AN ORDINANCE WAIVING THE EIGHTY PERCENT (80%) SHARE FROM THE ADMINISTRATIVE FINE IMPOSED UNDER PRESIDENTIAL DECREE NO. 1096 ON BUILDINGS CONSTRUCTED WITHOUT PERMITS PRIOR TO THE EFFECTIVITY OF SAID DECREE AND THE REVISED IMPLEMENTING RULES AND REGULATIONS IN 2005 AND FOR OTHER PURPOSES.
022-2025	APPROVING THE REQUEST FOR AUTHORITY TO CHARGE THE AMOUNT OF P4,500.00 AGAINST THE 2025 CURRENT APPROPRIATIONS OF THE CITY HUMAN RESOURCE MANAGEMENT OFFICE (CHRMO) UNDER ACCOUNT CODE 5-02-03-990 (OTHER SUPPLIES AND MATERIALS EXPENSES) FOR THE PAYMENT OF THE SUPPLY OF PLAQUES PROCURED FROM PINDER AND ART DESIGN STUDIO UNDER PURCHASE ORDER NO. 335.
023-2025	APPROVING THE REQUEST FOR AUTHORITY TO CHARGE THE AMOUNT OF P82,882.73 AGAINST THE 2025 CURRENT APPROPRIATIONS OF THE CITY BUILDINGS AND ARCHITECTURE OFFICE (CBAO) UNDER ACCOUNT CODE 5-01-01-010 (SALARIES AND WAGES-REGULAR) ON THE SALARY SAVINGS EARMARKED FOR POSITIONS THAT REMAIN UNFILLED OF THE SAID OFFICE FOR THE PAYMENT OF OVERTIME PAY FOR THE MONTH OF NOVEMBER 2024.
024-2025	APPROVING THE REQUEST FOR AUTHORITY TO CHARGE THE TOTAL AMOUNT OF P268.12 AGAINST THE 2025 CURRENT APPROPRIATIONS OF THE CITY VETERINARY AND AGRICULTURE OFFICE (CVAO) UNDER ACCOUNT CODES: 5-01-03-010 (GSIS PREMIUM) - P228.79; AND 5-01-03-030 (PHILHEALTH PREMIUM) - P39.33, FOR THE PAYMENT OF UNCLAIMED SALARIES AND TERMINAL LEAVE BENEFITS OF MR. JERVIN BRUCE M. CANAO AND MR. REDNER P. DAYOTAO, WHO WAS SEPARATED FROM THE CITY GOVERNMENT OF BAGUIO EFFECTIVE 31 AUGUST 2024 AND 27 AUGUST 2024, RESPECTIVELY.
025-2025	AMENDING ORDINANCE NUMBERED 02, SERIES OF 2025 [APPROVING THE REQUESTS OF WALTRIX PRODUCTIONS FOR SUPPORT ON THE WAIVER OF AMUSEMENT TAX, WAIVER OF FEES FOR INSTALLATION OF MARKETING COLLATERAL MATERIALS, AND ISSUANCE OF A SPECIAL PERMIT FOR THE CONDUCT OF THEIR EVENT 'MAKI-CONCERT' SERIES ON 24 JANUARY 2025 (FRIDAY) AT THE UNIVERSITY OF BAGUIO CARDINALS GYM].
026-2025	PEOPLE'S COUNCIL ORDINANCE AND PEOPLE'S PARTICIPATION IN GOVERNANCE ORDINANCE OF THE CITY OF BAGUIO, AND AMENDING ORDINANCE NUMBERED 36, SERIES OF 2018 [GOVERNING THE CONDUCT OF PARTICIPATORY LEGISLATION IN THE CITY OF BAGUIO], FOR THE PURPOSE.
027-2025	INSTITUTIONALIZING THE COMMEMORATION OF GREGORIA DE JESUS, KNOWN AS THE 'LAKAMBINI NG KATIPUNAN' AND WIFE OF OUR NATIONAL HERO, ANDRES BONIFACIO, ON HER 150TH BIRTH ANNIVERSARY THIS YEAR 2025, PROVIDING PROGRAMS IN RECOGNITION OF HER SIGNIFICANT CONTRIBUTION TO PHILIPPINE HISTORY, AND APPROPRIATING FUNDS THEREFOR.
028-2025	APPROVING THE REQUEST FOR AUTHORITY TO CHARGE THE TOTAL AMOUNT OF P28,233.05 AGAINST THE 2025 CURRENT APPROPRIATIONS OF THE CITY HEALTH SERVICES OFFICE (CHSO) UNDER VARIOUS PERSONNEL SERVICES (PS) ACCOUNTS FOR THE PAYMENT OF UNPAID PERSONNEL BENEFITS OF MR. RR A. DELA CRUZ, MR. JOHN GERALD B. PAGUI-EN, AND MR. MARK STEFAN M. PACIO, ALL RESIGNED EMPLOYEES OF THE SAID OFFICE.
029-2025	APPROVING THE REQUEST FOR AUTHORITY TO CHARGE THE TOTAL AMOUNT OF P34,050.00 AGAINST THE 2025 CURRENT APPROPRIATIONS OF THE CITY ASSESSOR'S OFFICE UNDER ACCOUNT CODES: 5-01-01-010 (SALARIES AND WAGES REGULAR) - P9,200.00; 5-01-02-010 (PERSONAL ECONOMIC RELIEF ALLOWANCE) - P1,100.00; 5-01-02-140 (YEAR-END BONUS) - P16,900.00; 5-01-02-150 (CASH GIFT) - P5,000.00; 5-01-03-010 (RETIREMENT AND LIFE INSURANCE PREMIUM) - P1,300.00; 5-01-03-020 (PAG-IBIG CONTRIBUTIONS) - P200.00; 5-01-03-030 (PHILHEALTH CONTRIBUTIONS) - P250.00; AND 5-01-03-040 (EMPLOYEES COMPENSATION INSURANCE PREMIUMS) - P100.00, FOR THE PAYMENT OF UNPAID SALARIES AND WAGES OF MS. CECILIA C. ASPIRAS, FORMER ADMINISTRATIVE AIDE IV OF THE SAID OFFICE, WHO RETIRED FROM GOVERNMENT SERVICE EFFECTIVE 18 NOVEMBER 2024.
030-2025	APPROVING THE REQUESTS OF MS. JOANNE URAGA, LINE PRODUCTION PERSONNEL OF THE CNCA PRODUCTIONS, FOR THE WAIVER OF THE AMUSEMENT TAX, WAIVER OF FEES FOR INSTALLATION OF MARKETING COLLATERAL MATERIALS, AND APPROVAL AND ISSUANCE OF SPECIAL PERMITS OF THE EVENT TJ MONTERDE 'SARILI NATING MUNDO' CONCERT ON 21 JUNE 2025 (SATURDAY) AND 22 JUNE 2025 (SUNDAY) AT THE UNIVERSITY OF BAGUIO (UB) CARDINALS GYM, BAGUIO CITY.
031-2025	AN ORDINANCE EXTENDING THE FREE ACCESS TO THE BAGUIO BOTANICAL GARDEN FOR THE RESIDENTS OF BAGUIO CITY, LA TRINIDAD, ITOGON, SABLAN, TUBA, AND TUBLAY (BLISTT) FROM 21 APRIL 2025 TO 20 MAY 2025.
032-2025	APPROVING THE REQUEST OF THE SAN LORENZO RUIZ PARISH, LOAKAN PROPER, BAGUIO CITY, FOR A 30% DISCOUNT ON THE RENTAL FEE OF THE VENUE FOR THEIR UPCOMING FUNDRAISING CONCERT ENTITLED 'LOVE IN 3 WORDS: A JOURNEY TOWARDS UNCONDITIONAL LOVE' SCHEDULED ON 04 MAY 2025 (SUNDAY), AT 7:00 P.M. AT THE BAGUIO CONVENTION AND CULTURAL CENTER.
033-2025	APPROVING THE REQUEST OF THE MRR QUEEN OF PEACE BARANGAY COUNCIL FOR THE CLOSURE OF THE QUEEN OF PEACE ROAD AT MRR QUEEN OF PEACE BARANGAY, BAGUIO CITY, ON 03 MAY 2025 (SATURDAY) AT 1:00 IN THE AFTERNOON UNTIL 04 MAY 2025 (SUNDAY) AT 11:59 IN THE EVENING FOR THE CONDUCT OF THEIR BARANGAY FIESTA 2025 WITH THE THEME 'KULTURA AT KALIKASAN: PAGKAKAISA PARA SA KINABUKASAN'.
034-2025	APPROVING THE REQUESTS OF ATTY. MARISSA J. MADRID-DACAYANAN, CO-CONVENOR, SANG-ATAN BLISTT BIKE FESTIVAL 2025, IN RELATION TO THE CONDUCT OF THE 3RD SANG-ATAN BLISTT BIKE FESTIVAL FROM 01 MAY 2025 TO JUNE 3, 2025 ACROSS VARIOUS LOCATIONS IN THE CITY OF BAGUIO.
035-2025	GRANTING AUTHORITY TO MS. ROSARIO V. ALBERTO, RACE DIRECTOR, TO HOLD A FUN RUN EVENT IN BEHALF OF THE BAGUIO GENERAL HOSPITAL AND MEDICAL CENTER (BGHMC) - PHYSICAL FITNESS COMMITTEE ON 21 JUNE 2025 (SATURDAY) AT 5:00 IN THE MORNING, SUBJECT TO CONDITIONS.
036-2025	APPROVING THE REQUEST FOR AUTHORITY TO CHARGE THE AMOUNT OF P19,000.00 AGAINST THE 2025 CURRENT APPROPRIATIONS OF THE CITY MAYOR'S OFFICE - EARLY WARNING AND SURVEILLANCE SYSTEM UNDER ACCOUNT CODE 5-01-01-020 (SALARIES AND WAGES-CASUAL/CONTRACTUAL) FOR THE PAYMENT OF THE TERMINAL LEAVE BENEFIT OF AMIEL JOHN B. FLORES, FORMER CASUAL EMPLOYEE OF THE SAID OFFICE WHO RESIGNED IN DECEMBER 2024.
037-2025	AN ORDINANCE INSTITUTIONALIZING THE MARKET ENCOUNTER AS AN OPENING ACTIVITY EVERY FIRST SUNDAY OF OCTOBER OF EVERY YEAR IN CELEBRATION OF THE COOPERATIVE MONTH IN THE CITY OF BAGUIO TO PROVIDE AN OPPORTUNITY FOR COOPERATIVES TO SHOWCASE THEIR PRODUCTS AND SERVICES.
038-2025	AN ORDINANCE INSTITUTIONALIZING THE WOMEN OFFICIALS FOR-A-DAY (WOFAD) IN THE BARANGAYS AND IN THE EXECUTIVE AND LEGISLATIVE OFFICES OF THE CITY GOVERNMENT OF BAGUIO AS PART OF THE CELEBRATION OF WOMEN'S MONTH IN MARCH OF EVERY YEAR IN THE CITY OF BAGUIO.
039-2025	FURTHER AMENDING SECTIONS 3, 7, AND 9 OF ORDINANCE NUMBERED 116, SERIES OF 2019 [AN ORDINANCE PROVIDING FOR THE CITY GOVERNMENT OF BAGUIO COLLEGE EDUCATION FINANCIAL ASSISTANCE/GRANT PROGRAM TO STUDENTS, PROVIDING FUNDS THEREFOR AND FOR OTHER PURPOSES], AS AMENDED BY ORDINANCE NUMBERED 45, SERIES OF 2023 [AMENDING SECTIONS 3, 7, AND 9 OF ORDINANCE NUMBERED 116, SERIES OF 2019].
040-2025	AUTHORIZING SUPPLEMENTAL BUDGET NO. 1 IN THE AMOUNT OF TWENTY-FIVE MILLION PESOS (P25,000,000.00) FOR THE PROJECT 'MAHARLIKA LIVELIHOOD COMPLEX REHABILITATION AND INTERIM OPERATIONS' FOR THE OPERATIONAL BUDGET OF THE MAHARLIKA LIVELIHOOD COMPLEX FOR THE THREE (3) MONTH PERIOD, STARTING 31 MAY 2025, APPROVED UNDER RESOLUTION NUMBERED 340, SERIES OF 2025.
041-2025	AMENDING SECTION 4 OF ORDINANCE NUMBERED 02, SERIES OF 2022 [AN ORDINANCE INSTITUTIONALIZING THE SALENG (PINE TREE) FESTIVAL IN THE CITY OF BAGUIO].
042-2025	AN ORDINANCE APPROVING THE BAGUIO CITY INTEGRATED TERMINAL (BCIT) PROJECT, WITH CONDITIONS.
043-2025	AN ORDINANCE INSTITUTIONALIZING COMMUNITY ARTSCAPE: ADAPTED AS 'DUGAD MI': BARANGAY STORIES IN VISUAL AND PERFORMING ARTS AND OTHER FORMS OF CREATIVE EXPRESSION IN THE CITY OF BAGUIO.
044-2025	APPROVING THE REQUEST FOR AUTHORITY TO CHARGE THE TOTAL AMOUNT OF FIVE HUNDRED THOUSAND PESOS (₱500,000.00) AGAINST THE 2025 CURRENT APPROPRIATIONS OF THE CITY GENERAL SERVICES OFFICE (CGSO) UNDER ACCOUNT CODE 5-02-04-020 (ELECTRICITY EXPENSES) FOR THE PAYMENT OF UNPAID ELECTRIC BILL OF VARIOUS FACILITIES OF THE CITY GOVERNMENT OF BAGUIO INCURRED IN THE YEAR 2024.
045-2025	APPROVING THE REQUEST FOR AUTHORITY TO CHARGE THE AMOUNT OF ₱11,890.44 AGAINST THE 2025 CURRENT APPROPRIATIONS OF THE CITY HUMAN RESOURCE MANAGEMENT OFFICE (CHRMO) UNDER ACCOUNT CODE 5-01-04-030 (TERMINAL LEAVE BENEFITS) FOR THE PAYMENT OF THE TERMINAL BENEFIT OF MS. JOANNE L. DOMINGO, FORMER ADMINISTRATIVE ASSISTANT II OF THE SAID OFFICE.
046-2025	AUTHORIZING A SUPPLEMENTAL BUDGET NO. 2 IN THE TOTAL AMOUNT OF ONE HUNDRED FOURTEEN MILLION FOUR HUNDRED SIXTY-EIGHT THOUSAND ONE HUNDRED TWENTY-FIVE PESOS (₱114,468,125.00) FOR THE FUNDING OF VARIOUS PROGRAMS, PROJECTS, AND ACTIVITIES IN ITEMS NOS. 4, 5, 6, 7, 8, 9, 10, 11, 12, 13, 14, 15, 16, 17, 18, 19, 20, 21, 22, 23, 24, 25, 26 AND 27, IDENTIFIED IN THE APPROVED FIRST (1ST) SUPPLEMENTAL ANNUAL INVESTMENT PROGRAM FOR CALENDAR YEAR 2025 OF THE CITY GOVERNMENT OF BAGUIO.
047-2025	APPROVING THE REQUEST FOR AUTHORITY TO CHARGE THE AMOUNT OF ₱1,600,000.00 AGAINST THE 2025 CONTINUING APPROPRIATIONS OF THE CITY GENERAL SERVICES OFFICE (CGSO) UNDER ACCOUNT CODE 1-07-06-010 (MOTOR VEHICLE) FOR THE PURCHASE OF A UTILITY VEHICLE TO BE USED BY THE ASSET AND PROPERTY MANAGEMENT DIVISION OF THE SAID OFFICE, SUBJECT TO COMPLIANCE WITH THE REQUIREMENTS.
048-2025	CHANGING THE PROJECT TITLE, 'RECOVERY OF ROAD-RIGHT-OF-WAY ALONG MAGSAYSAY AVENUE FROM LYMAN OGILBY CENTRUM BUILDING TOWARDS M. ROXAS ROAD' IN THE APPROPRIATION ORDINANCE NUMBERED 61, SERIES OF 2022, AMONG THE PRIORITIES APPROVED IN THE FIRST (1ST) SUPPLEMENTAL ANNUAL INVESTMENT PROGRAM FOR FISCAL YEAR 2022 OF THE CITY GOVERNMENT OF BAGUIO UNDER RESOLUTION NUMBERED 244, SERIES OF 2022’ AMOUNTING TO ₱3,500,000.00 TO 'RECOVERY OF ROAD-RIGHT-OF-WAY ALONG MAGSAYSAY AVENUE FROM LYMAN OGILBY CENTRUM BUILDING TOWARDS M. ROXAS ROAD (PHASE II)' IN THE CITY OF BAGUIO.
049-2025	APPROVING THE REQUEST FOR AUTHORITY TO CHARGE THE AMOUNT OF ₱5,000.00 AGAINST THE 2025 CURRENT APPROPRIATIONS OF THE CITY TREASURY OFFICE (CTO) UNDER ACCOUNT CODE 5-01-01-010 (SALARIES AND WAGES-REGULAR) FOR THE PAYMENT OF AN ADDITIONAL LOYALTY AWARD TO MR. DOMINADOR O. ABELLA JR., WHO IS A 10TH-YEAR LOYALTY AWARDEE IN 2024.
050-2025	APPROVING THE REQUEST FOR AUTHORITY TO CHARGE THE AMOUNT OF THIRTY THOUSAND ONE HUNDRED THIRTY-EIGHT PESOS AND 39/100 (₱30,138.39) AGAINST THE 2025 CURRENT APPROPRIATIONS OF THE CITY TREASURY OFFICE UNDER ACCOUNT CODE 5-02-04-020 (ELECTRICITY EXPENSES) FOR THE PAYMENT OF UNPAID ELECTRIC BILLS FOR THE CALENDAR YEAR 2023.
051-2025	AN ORDINANCE INSTITUTIONALIZING THE 'BARANGAY PAGBASA PROGRAM' IN THE CITY OF BAGUIO, DEFINING ITS PURPOSE AND APPROPRIATING FUNDS THEREOF.
052-2025	AUTHORIZING A SUPPLEMENTAL BUDGET NO. 3 IN THE TOTAL AMOUNT OF TWENTY-FOUR MILLION PESOS (₱24,000,000.00) FOR THE FUNDING OF THE VARIOUS PROGRAMS, PROJECTS, AND ACTIVITIES IN ITEMS NOS. 1, 2 AND 3, IDENTIFIED IN THE APPROVED FIRST (1ST) SUPPLEMENTAL ANNUAL INVESTMENT PROGRAM FOR CALENDAR YEAR 2025 OF THE CITY GOVERNMENT OF BAGUIO.
053-2025	APPROVING THE REQUEST FOR AUTHORITY TO CHARGE THE AMOUNT OF ₱1,260,040.25 AGAINST THE 2025 CURRENT APPROPRIATIONS OF THE CITY ADMINISTRATOR'S OFFICE (CADMO) UNDER ACCOUNT CODE 5-02-04-010 (WATER EXPENSES) IN THE AMOUNT OF ₱90,040.25 AND ACCOUNT CODE 5-02-06-020 (PRIZES) IN THE AMOUNT OF ₱1,170,000.00 FOR THE PAYMENT OF THE UNPAID 2022 WATER BILLS OF THE SWIMMING POOL AND THE UNPAID INCENTIVES OF ATHLETES FOR CALENDAR YEAR 2024, RESPECTIVELY.
054-2025	APPROVING THE REQUEST FOR AUTHORITY TO CHARGE THE AMOUNT OF ₱3,557.09 AGAINST THE 2025 CURRENT APPROPRIATIONS OF THE CITY PLANNING, DEVELOPMENT AND SUSTAINABILITY OFFICE (CPDSO) UNDER ACCOUNT CODE 5-02-03-090 (FUEL, OIL AND LUBRICANT EXPENSES) FOR THE PAYMENT OF THE FUEL USED ON 13 DECEMBER 2024 OF THE VEHICLE WITH PLATE NO. D2D 415 OF THE SAID OFFICE.
055-2025	APPROVING THE REQUEST OF THE DEPARTMENT OF AGRICULTURE (DA) TO WAIVE THE SPECIAL PERMITS FEES FOR THE YOUNG FARMERS CHALLENGE BOOTHS DURING THE CONDUCT OF THE YOUNG FARMERS CHALLENGE BATCH 2024 NATIONAL AWARDING CEREMONY ON 17 JULY 2025 AT THE BAGUIO CONVENTION AND CULTURAL CENTER, BAGUIO CITY.
056-2025	APPROVING THE REQUEST FOR AUTHORITY TO CHARGE THE AMOUNT OF P594.49 TO THE 2025 CURRENT APPROPRIATIONS OF THE MANAGEMENT INFORMATION AND TECHNOLOGY DIVISION, CITY MAYOR'S OFFICE (MITD-CMO), UNDER ACCOUNT CODE 5-02-05-030 (INTERNET SUBSCRIPTION EXPENSES) TO COVER THE UNOBLIGATED ZOOM PRO ACCOUNT EXPENSES OF MITD FOR THE PERIOD NOVEMBER 29, 2024, TO DECEMBER 28, 2024.
057-2025	APPROVING THE REQUEST FOR AUTHORITY TO CHARGE THE AMOUNT OF P24,500.00 TO THE 2025 CURRENT APPROPRIATIONS OF THE CITY MAYOR'S OFFICE UNDER ACCOUNT CODE 5-02-02-010 (TRAINING EXPENSES) ON THE CULTURE AND ARTS PROGRAM FOR THE FUNDING REQUIREMENTS OF THE UNPAID MEALS SERVED TO PARTICIPANTS OF THE BAGUIO IMAGINEERS' COACHING AND WORKSHOP FOR PRODUCT DEVELOPMENT HELD ON SEPTEMBER 24 TO 25, 2024 AT THE BAGUIO CONVENTION AND CULTURAL CENTER.
058-2025	APPROVING THE REQUEST TO CHARGE THE AMOUNT OF P80,000.00 AGAINST THE 2025 CURRENT APPROPRIATIONS OF THE CITY BUILDINGS AND ARCHITECTURE OFFICE (CBAO) UNDER ACCOUNT CODE 5-01-01-010 (SALARIES AND WAGES - REGULAR) EARMARKED FOR POSITIONS THAT REMAIN UNFILLED IN THE SAID OFFICE FOR THE PAYMENT OF MONETARY CLAIMS OF AR. ARSENIO GLENN MARTIN F. RILLERA, FORMER ARCHITECT II OF THE SAID OFFICE, WHO RESIGNED EFFECTIVE 14 FEBRUARY 2025.
059-2025	APPROVING THE REQUEST FOR THE IMMEDIATE TEMPORARY ROAD CLOSURE ALONG SAN CARLOS HEIGHTS, PUROK 24, IRISAN BARANGAY, BAGUIO CITY, FOR THE REPAIR OF THE ERODED CRIB WALL UNTIL SUCH TIME THAT THE PROJECT IS COMPLETED.
060-2025	AUTHORIZING A SUPPLEMENTAL BUDGET NO. 4 IN THE TOTAL AMOUNT OF ONE HUNDRED NINETY-THREE MILLION SEVEN HUNDRED SIXTY-SIX THOUSAND TWO HUNDRED PESOS (P193,766,200.00) FROM THE FOLLOWING SOURCES: DRRM TRUST FUND; BOTANICAL TRUST FUND; AND UNAPPROPRIATED SURPLUS, TO COVER THE VARIOUS PROGRAMS, PROJECTS, AND ACTIVITIES OF VARIOUS OFFICES UNDER THE THIRD (3RD) SUPPLEMENTAL ANNUAL INVESTMENT PROGRAM (SAIP) FOR CALENDAR YEAR 2025 OF THE CITY GOVERNMENT OF BAGUIO UNDER RESOLUTION NUMBERED 354, SERIES OF 2025, DATED 02 JUNE 2025.
061-2025	APPROVING THE REQUEST FOR AUTHORITY TO CHARGE THE TOTAL AMOUNT OF FORTY-SIX THOUSAND EIGHT HUNDRED FORTY-SIX PESOS AND 30/100 (P46,846.30) AGAINST THE 2025 CURRENT APPROPRIATIONS OF THE CITY HEALTH SERVICES OFFICE (CHSO) EARMARKED FOR VARIOUS PERSONNEL SERVICES (PS) ACCOUNTS TO PAY THE VARIOUS PERSONNEL BENEFITS OF RESIGNED EMPLOYEES OF THE SAID OFFICE.
062-2025	AN ORDINANCE FURTHER GRANTING SIX (6) MONTHS OF FREE ACCESS TO THE BAGUIO BOTANICAL GARDEN FOR BAGUIO CITY, LA TRINIDAD, ITOGON, SABLAN, TUBA, AND TUBLAY (BLISTT) RESIDENTS FROM 01 AUGUST 2025 TO 31 JANUARY 2026, A TESTAMENT TO COMMUNITY PARTNERSHIP AND SUSTAINABLE TOURISM.
063-2025	AN ORDINANCE PROVIDING GUIDELINES FOR THE GRANT OF A CASH SUBSIDY TO ELIGIBLE SOLO PARENTS IN THE CITY OF BAGUIO.
064-2025	"APPROVING THE REQUEST OF DUCK SPORTS & MUSIC PRODUCTIONS INC. FOR THE CONSIDERATION OF THE WAIVER OF AMUSEMENT TAX FOR THE CONDUCT OF THEIR EVENT ""BEN&BEN LIVE IN BAGUIO: THE TRAVELLER ACROSS DIMENSIONS TOUR"" ON 23 AND 24 AUGUST 2025 AT THE CAMP JOHN HAY CONVENTION CENTER."
065-2025	AN ORDINANCE ESTABLISHING A BAGUIO CITY ANIMAL CARE AND ADOPTION CENTER, AND PROVIDING FUNDS THEREOF.
066-2025	"APPROVING THE REQUEST OF THE MB SKY PRODUCTION FOR THE FREE USE OF THE BAGUIO CONVENTION AND CULTURAL CENTER (BCCC) FOR THE GRAND FINALS VENUE OF THE ""LITTLE MISS BAGUIO 2025"" AS PART OF THE BAGUIO CHARTER DAY CELEBRATION ON 13 SEPTEMBER 2025 AT 4:00 P.M., AND THE CASH PRIZES AMOUNTING TO P20,000.00 FOR THE TOP THREE (3) WINNERS."
067-2025	APPROVING THE REQUEST FOR AUTHORITY TO CHARGE THE AMOUNT OF P67,547.72 AGAINST THE 2025 CURRENT APPROPRIATIONS OF THE CITY ENGINEERING OFFICE (CEO) EARMARKED FOR VARIOUS PERSONNEL SERVICES (PS) ACCOUNTS TO PAY THE PERSONNEL BENEFITS OF SEPARATED EMPLOYEES OF THE SAID OFFICE.
068-2025	AN ORDINANCE GRANTING A ONE-TIME NON-EXTENDABLE RELIEF ON SURCHARGES AND INTEREST FOR DELINQUENT BUSINESS TAXPAYERS IN THE CITY OF BAGUIO.
069-2025	APPROVING THE REQUEST FOR AUTHORITY TO CHARGE THE AMOUNT OF P34,600.00 AGAINST THE 2025 CURRENT APPROPRIATIONS OF THE CITY ADMINISTRATOR'S OFFICE (CADMO) UNDER ACCOUNT CODE 5-02-13-060 (REPAIR AND MAINTENANCE - TRANSPORTATION EQUIPMENT) FOR THE PAYMENT OF UNPAID EXPENSES FOR THE YEAR 2024 OF ITEMS FOR THE MAINTENANCE OF THEIR OFFICE SERVICE VEHICLE, MITSUBISHI XPANDER, 030110, UNDER PR NO. 1103.
070-2025	APPROVING THE REQUEST TO WAIVE THE AMUSEMENT TAX FOR THE TICKET SELLING OF THE MISS BAGUIO 2025 PRELIMINARIES AND GRAND CORONATION NIGHT SCHEDULED ON 01 AND 06 SEPTEMBER 2025, RESPECTIVELY.
071-2025	"APPROVING THE REQUEST OF THE BRENT INTERNATIONAL SCHOOL BAGUIO FOR EXEMPTION FROM PAYMENT OF TAXES DUE FOR THE FUNDRAISING ACTIVITY ""BRENT CHRISTMAS BAZAAR"" ON NOVEMBER 29 TO 30, 2025, AT THE BRENT MEMORIAL GYMNASIUM."
072-2025	APPROVING THE REQUEST FOR AUTHORITY TO CHARGE THE AMOUNT OF P20,000.00 AGAINST THE 2025 CURRENT APPROPRIATIONS OF THE CITY BUILDINGS AND ARCHITECTURE OFFICE (CBAO) EARMARKED FOR POSITIONS THAT REMAIN UNFILLED FOR THE PAYMENT OF SALARY AND PERSONNEL ECONOMIC RELIEF ALLOWANCE (PERA) FOR THE PERIOD OCTOBER 22 TO 31, 2024, OF AR. MARY ANGELINE D. VINLUAN, FORMER ARCHITECT II, OF THE SAID OFFICE.
073-2025	APPROVING THE REQUEST FOR AUTHORITY TO UTILIZE THE SAVINGS OF THE 2025 CURRENT APPROPRIATIONS OF THE CITY ENGINEERING OFFICE (CEO) EARMARKED FOR PERSONNEL SERVICES (PS) IN THE AMOUNT OF SIXTY-SEVEN THOUSAND FIVE HUNDRED FORTY-SEVEN PESOS AND 72/100 (P67,547.72) FOR THE PAYMENT OF BENEFITS OF THE EMPLOYEES OF SAID OFFICE WHO RESIGNED FROM THE SERVICE IN 2024.
074-2025	AN ORDINANCE GRANTING FULL AMUSEMENT TAX EXEMPTION TO THE HOTEL AND RESTAURANT ASSOCIATION OF BAGUIO (HRAB) FOR TWO (2) SPECIFIED 2025 EVENTS IN THE CITY OF BAGUIO.
075-2025	GRANTING A FINANCIAL ASSISTANCE FUND IN THE AMOUNT OF TWO MILLION PESOS (P2,000,000.00) FROM THE CITY DISASTER RISK REDUCTION AND MANAGEMENT QUICK RESPONSE FUND OF THE CITY GOVERNMENT OF BAGUIO TO BOGO CITY, SAN REMIGIO, MEDELLIN, AND DAANBANTAYAN IN THE NORTHERN PROVINCE OF CEBU, WHICH WERE DEVASTATED BY A POWERFUL MAGNITUDE 6.9 EARTHQUAKE ON 30 SEPTEMBER 2025.
076-2025	AMENDING CERTAIN PROVISIONS OF ORDINANCE NUMBERED 23, SERIES OF 2021[CREATING A BARANGAY INFORMATION MANAGEMENT SYSTEM IN ALL BARANGAYS IN THE CITY OF BAGUIO AND FOR OTHER PURPOSES].
077-2025	GRANTING FINANCIAL ASSISTANCE FUND IN THE TOTAL AMOUNT OF TWO MILLION FIVE HUNDRED THOUSAND PESOS (P2,500,000.00) FROM THE CITY DISASTER RISK REDUCTION AND MANAGEMENT QUICK RESPONSE FUND OF THE CITY GOVERNMENT OF BAGUIO TO THE PROVINCES OF MASBATE - P500,000.00, AND DAVAO ORIENTAL - P2,000,000.00, WHICH WERE DECLARED UNDER A STATE OF CALAMITY, SUBJECT TO COMPLIANCE WITH COMMISSION ON AUDIT (COA) CIRCULAR NO. 2013-002 ON THE INTER-LOCAL GOVERNMENT UNIT (LGU) FINANCIAL TRANSACTIONS.
078-2025	APPROVING THE REQUEST FOR AUTHORITY TO CHARGE THE AMOUNT OF P27,875.00 AGAINST THE 2025 CURRENT APPROPRIATIONS OF THE BAGUIO CITY POLICE OFFICE (BCPO) UNDER ACCOUNT CODE 5-02-13-060 (REPAIR AND MAINTENANCE-TRANSPORTATION OF EQUIPMENT) FOR THE PAYMENT OF FIVE (5) PIECES OF TIRES AND TIRE VALVE FOR GOVERNMENT SERVICE VEHICLE WITH PLATE NO. SJG 770 ISSUED TO POLICE STATION 10-BCPO.
079-2025	AN ORDINANCE AWARDING PHILIPPINE NATIONAL FLAGS TO DECEASED BAGUIO CITY PUBLIC SCHOOL TEACHERS AND PUBLIC CHILD DEVELOPMENT WORKERS DURING THE WAKE OR FUNERAL SERVICES.
080-2025	AN ORDINANCE MANDATING THE CONDUCT OF A FEASIBILITY STUDY FOR THE ESTABLISHMENT OF A BAGUIO CITY HOSPITAL.
081-2025	INSTITUTIONALIZING THE IMPLEMENTATION OF PAG-ANGAT PANGKABUHAYAN PROGRAM (3PS) IN THE CITY OF BAGUIO, AND ESTABLISHING GUIDELINES THEREFOR.
082-2025	APPROVING THE REQUEST FOR AUTHORITY TO CHARGE THE AMOUNT OF P104,000.00 AGAINST THE 2025 CURRENT APPROPRIATIONS OF THE OFFICE OF THE SANGGUNIANG PANLUNGSOD (SP) UNDER ACCOUNT CODES: 5-01-01-010 (SALARIES AND WAGES - REGULAR) - P75,000.00; 5-01-02-020 (REPRESENTATION ALLOWANCE - RA) - P8,500.00; 5-01-02-030 (TRANSPORTATION ALLOWANCE - TA) - P8,500.00; 5-01-02-010 (PERSONAL ECONOMIC RELIEF ALLOWANCE - PERA) - P2,000.00; 5-01-03-010 (RETIREMENT AND LIFE INSURANCE PREMIUMS) - P9,000.00; 5-01-03-020 (PAG-IBIG CONTRIBUTIONS) - P300.00; 5-01-03-040 (EMPLOYEES COMPENSATION INSURANCE PREMIUMS) - ?200.00; AND 5-01-03-030 (PHILHEALTH CONTRIBUTIONS) - ?500.00, FOR THE PAYMENT OF SALARIES AND WAGES, AND OTHER BENEFITS OF ENGR. ISABELO B. COSALAN JR., FORMER SP MEMBER OF THE SAID OFFICE.
083-2025	APPROVING THE REQUEST FOR AUTHORITY TO CHARGE THE AMOUNT OF P24,280.60 AGAINST THE 2025 CURRENT APPROPRIATIONS OF THE CITY TREASURY OFFICE FOR THE PAYMENT OF CLAIMS FOR PERFORMANCE-BASED BONUS (PBB) AND COLLECTIVE NEGOTIATION AGREEMENT (CNA) INCENTIVE OF  MR. NOEL V. FLORA, FORMER REVENUE COLLECTION CLERK II OF THE SAID OFFICE.
084-2025	APPROVING THE REQUEST FOR AUTHORITY TO CHARGE THE AMOUNT OF P13,000.00 AGAINST THE 2025 CURRENT APPROPRIATIONS OF THE OFFICE OF THE SANGGUNIANG PANLUNGSOD (SP) UNDER ACCOUNT CODE 5-01-04-030 (TERMINAL LEAVE BENEFITS) FOR THE PAYMENT OF TERMINAL PAY OF MR. ALEXANDER C. SORIANO SR., FORMER EMPLOYEE OF THE SAID OFFICE.
085-2025	APPROVING THE REQUEST FOR THE UTILIZATION OF AN EXISTING BUDGET ALLOCATION IN THE CITY CIVIL REGISTRY OFFICE UNDER ACCOUNT CODE 1-07-06-010 (MOTOR VEHICLE) IN THE AMOUNT OF P2,488,970.00 FOR THE PROCUREMENT OF AN OFFICE SERVICE MOTOR VEHICLE.
086-2025	THE SANITATION CODE OF BAGUIO CITY
087-2025	APPROVING THE REQUEST OF THE BAGUIO DIOCESAN ASSOCIATION OF PARISH PREX (PARISH RENEWAL EXPERIENCE) SECRETARIES (BDAPPS) FOR THE WAIVER OF FEES ON THE REMAINING BALANCE FOR THE USE OF THE BAGUIO ATHLETIC BOWL FROM 07 TO 09 NOVEMBER 2025 FOR THE 16TH PREX NATIONAL CONVENTION.
088-2025	AUTHORIZING A SUPPLEMENTAL BUDGET NO. 5 IN THE TOTAL AMOUNT OF SIXTY-NINE MILLION PESOS (P69,000,000.00) FROM THE FOLLOWING SOURCES: NEW REVENUE AND UNAPPROPRIATED SURPLUS TO COVER VARIOUS PROGRAMS, PROJECTS, AND ACTIVITIES OF VARIOUS OFFICES UNDER THE FIFTH (5TH) SUPPLEMENTAL ANNUAL INVESTMENT PROGRAM (SAIP) FOR CALENDAR YEAR 2025 OF THE CITY GOVERNMENT OF BAGUIO UNDER RESOLUTIONS NUMBERED 568 AND 575, BOTH SERIES OF 2025, DATED 08 SEPTEMBER 2025 AND 11 SEPTEMBER 2025, RESPECTIVELY.
089-2025	AMENDING SECTION 1 OF ORDINANCE NUMBERED 55, SERIES OF 2024 [AN ORDINANCE INCREASING THE SUBSIDY TO BARANGAYS IN THE CITY OF  BAGUIO].
090-2025	AUTHORIZING THE ANNUAL BUDGET OF THE CITY GOVERNMENT OF BAGUIO FOR FISCAL YEAR 2026 IN THE TOTAL AMOUNT OF THREE BILLION SIX HUNDRED FIFTY-ONE MILLION FIVE HUNDRED NINETY-TWO THOUSAND FIVE HUNDRED SIXTY PESOS (P3,651,592,560.00), COVERING THE VARIOUS EXPENDITURES FOR THE OPERATION OF THE CITY GOVERNMENT OF BAGUIO AND APPROPRIATING THE NECESSARY FUNDS FOR THE PURPOSE.
091-2025	"CHANGING THE PROJECT TITLE, ""COMPLETION OF OUTDOOR BLEACHERS AT ATHLETIC BOWL"" IN APPROPRIATION ORDINANCE NUMBERED 88, SERIES OF 2025, AMONG THE PROJECTS APPROVED IN THE FIFTH (5TH) SUPPLEMENTAL ANNUAL INVESTMENT PROGRAM (SAIP) FOR FISCAL YEAR 2025 OF THE CITY GOVERNMENT OF BAGUIO UNDER RESOLUTIONS NUMBERED 568  AND 575 , BOTH SERIES OF 2025, DATED 08 SEPTEMBER 2025 AND 11 SEPTEMBER 2025, RESPECTIVELY, IN THE AMOUNT OF P15,000,000.00, TO ""UPGRADING/REHABILITATION OF OUTDOOR BLEACHERS AT ATHLETIC BOWL"" IN THE CITY OF BAGUIO."
092-2025	APPROVING THE REQUEST FOR AUTHORITY TO CHARGE THE AMOUNT OF THREE HUNDRED FORTY-SIX THOUSAND TWO HUNDRED FIFTY PESOS (P346,250.00) AGAINST THE 2025 CURRENT APPROPRIATIONS OF THE CITY HEALTH SERVICES OFFICE (CHSO) EARMARKED FOR SUPPLIES FOR THE PAYMENT OF UNPAID ITEMS IN PREVIOUS YEARS.
093-2025	APPROVING THE REQUEST FOR AUTHORITY TO CHARGE THE AMOUNT OF SIXTY THOUSAND PESOS (P60,000.00) AGAINST THE 2025 CURRENT APPROPRIATIONS OF THE CITY ADMINISTRATOR'S OFFICE (CADMO) UNDER ACCOUNT CODE 5-02-99-990 (OTHER MAINTENANCE AND OPERATING EXPENSES) FOR THE PAYMENT OF EXPENSES INCURRED FOR THE GONG FESTIVAL 2024.
094-2025	FURTHER AMENDING SECTION 6 OF ORDINANCE NUMBERED 01, SERIES OF 2003 , AS AMENDED BY ORDINANCE NUMBERED 31, SERIES OF 2004  AND ORDINANCE NUMBERED 107, SERIES OF 2008 . (NUMBER CODING)
095-2025	AN ORDINANCE RATIONALIZING THE PRIMARILY CONFIDENTIAL AND COTERMINOUS/CASUAL POSITIONS IN THE SANGGUNIANG PANLUNGSOD (CITY COUNCIL) OF BAGUIO.
096-2025	AN ORDINANCE DECLARING THE MONTH OF JUNE AS BAGUIO CITY SOCIAL WORKERS' MONTH AND JUNE 19TH OF EVERY YEAR AS BAGUIO CITY SOCIAL WORKERS DAY IN RECOGNITION OF ALL REGISTERED SOCIAL WORKERS IN THE CITY OF BAGUIO, WHETHER EMPLOYED IN PUBLIC OR PRIVATE SECTORS, AND FOR ITS ANNUAL OBSERVANCE.
097-2025	APPROVING THE REQUEST FOR THE USE OF THE ROAD IN THE AREA OF MALCOLM SQUARE FOR THE YOUTH ENTREP FEST (EXPERIENCING RESPONSIBLE ENTERPRISE BY THE COMMUNITY) ON 14 DECEMBER 2025 FROM 7:00 A.M. TO 6:00 P.M. TO BE CONDUCTED BY THE BAGUIO CHARACTER COUNCIL, THROUGH THE PUBLIC EMPLOYMENT SERVICE OFFICE, CITY MAYOR'S OFFICE (PESO-CMO).
098-2025	AUTHORIZING A SUPPLEMENTAL BUDGET NO. 6 IN THE TOTAL AMOUNT OF NINETY-FIVE MILLION PESOS (P95,000,000.00) FROM THE FOLLOWING SOURCES: PERSONAL SERVICES (PS), AND  MAINTENANCE AND OTHER OPERATING EXPENSES (MOOE) OF VARIOUS OFFICES TO COVER THE GRANT OF COLLECTIVE NEGOTIATION AGREEMENT (CNA) AND SERVICE RECOGNITION INCENTIVE (SRI) TO ALL QUALIFIED OFFICIALS AND EMPLOYEES OF THE CITY GOVERNMENT OF BAGUIO, AND GRATUITY PAY TO CONTRACT OF SERVICE AND JOB ORDER WORKERS, FOR CALENDAR YEAR 2025.
099-2025	AMENDING CERTAIN PROVISIONS OF ORDINANCE NUMBERED 16, SERIES OF 2019 [PROVIDING THE GUIDELINES FOR THE IMPLEMENTATION OF ASSISTANCE TO INDIVIDUALS IN CRISIS SITUATIONS (AICS) IN THE CITY OF BAGUIO].
100-2025	APPROVING THE REQUEST FOR AUTHORITY TO CHARGE THE AMOUNT OF P10,000.00 AGAINST THE 2025 CURRENT APPROPRIATIONS OF THE CITY MAYOR'S OFFICE (CMO) UNDER ACCOUNT CODE 5-02-13-060 (REPAIR AND MAINTENANCE - TRANSPORTATION EQUIPMENT) FOR THE PAYMENT OF REPAIR AND MAINTENANCE OF THE OFFICE SERVICE VEHICLE BEARING PLATE NUMBER SND 8337.
101-2025	"APPROVING THE REQUEST FOR AUTHORITY TO CHARGE THE AMOUNT OF TWO HUNDRED FIFTY THOUSAND PESOS (P250,000.00) AGAINST THE 2025 CURRENT APPROPRIATIONS OF THE BAGUIO CITY JAIL - FEMALE DORMITORY (BCJ-FD) UNDER ACCOUNT CODE 5-02-13-040 (REPAIRS AND MAINTENANCE - BUILDINGS AND OTHER STRUCTURES) FOR THE PAYMENT OF THE COMPLETED PROJECT ""REPAIR AND IMPROVEMENT OF EXISTING ALLEY TO BE UTILIZED AS QUARANTINE AND ISOLATION CELL OF BAGUIO CITY JAIL - FEMALE DORMITORY"""
102-2025	AN ORDINANCE INCREASING THE SALARY SUBSIDY OF THE CITY PARENT-PAID CHILD DEVELOPMENT WORKERS FROM EIGHT THOUSAND PESOS (P8,000.00) TO TEN THOUSAND PESOS (P10,000.00) PER MONTH, EFFECTIVE JANUARY 2026.
103-2025	AN ORDINANCE RATIONALIZING THE GUIDELINES IN THE ISSUANCE OF CLEARANCES FOR THE DISPOSITION OF THE LANDS RESERVED FOR THE WORKINGMEN'S VILLAGE PURPOSES AS PER PROCLAMATION NO. 358, DATED 17 DECEMBER 1938, THAT WAS REVOKED BY PROCLAMATION NO. 364, DATED 27 JANUARY 1953, AND REPEALING FOR THE PURPOSE ORDINANCE NUMBERED 65, SERIES OF 1948, AS AMENDED, AND AUTHORIZING THE COLLECTION OF CERTAIN FEES.
104-2025	AN ORDINANCE ESTABLISHING THE LOCAL SENIOR SOCIAL PENSION PROGRAM OF THE CITY OF BAGUIO.
105-2025	GRANTING FINANCIAL ASSISTANCE FUND IN THE TOTAL AMOUNT OF SIX HUNDRED THOUSAND PESOS (P600,000.00) FROM THE CITY DISASTER RISK REDUCTION AND MANAGEMENT QUICK RESPONSE FUND OF THE CITY GOVERNMENT OF BAGUIO TO THE PROVINCES OF IFUGAO - P200,00.00; KALINGA - P200,00.00; AND MOUNTAIN PROVINCE - P200,00.00, WHICH WERE DECLARED UNDER A STATE OF CALAMITY, SUBJECT TO COMPLIANCE WITH THE COMMISSION ON AUDIT (COA) CIRCULAR NO. 2013-002 ON THE INTER-LOCAL GOVERNMENT UNIT (LGU) FINANCIAL TRANSACTIONS.
106-2025	AUTHORIZING A SUPPLEMENTAL BUDGET NO. 7 IN THE TOTAL AMOUNT OF TWENTY FIVE MILLION FOUR HUNDRED FOUR THOUSAND PESOS (P25,404,000.00) TO FUND VARIOUS PROJECTS AND ACTIVITIES IN THE SUPPLEMENTAL ANNUAL INVESTMENT PLAN (SAIP), CHARGEABLE AGAINST THE SURPLUS ACCOUNT OF THE GENERAL FUND, UNDER APPROPRIATION ORDINANCE NUMBERED 72, SERIES OF 2024 .
